{"sid":0,"grades":[{"type":"homework","score":69},{"type":"exam","score":86},{"type":"quiz","score":29}]}
{"sid":1,"grades":[{"type":"homework","score":2},{"type":"quiz","score":6},{"type":"exam","score":67}]}
{"sid":2,"grades":[{"type":"quiz","score":91},{"type":"homework","score":13},{"type":"exam","score":76}]}
{"sid":3,"grades":[{"type":"homework","score":72},{"type":"quiz","score":55},{"type":"exam","score":93}]}
{"sid":4,"grades":[{"type":"homework","score":17},{"type":"exam","score":98},{"type":"quiz","score":90}]}
{"sid":5,"grades":[{"type":"homework","score":83},{"type":"quiz","score":68},{"type":"exam","score":98}]}
{"sid":6,"grades":[{"type":"quiz","score":88},{"type":"exam","score":90},{"type":"homework","score":30}]}
{"sid":7,"grades":[{"type":"quiz","score":6},{"type":"homework","score":55},{"type":"exam","score":75}]}
{"sid":8,"grades":[{"type":"quiz","score":99},{"type":"homework","score":33},{"type":"exam","score":99}]}
{"sid":9,"grades":[{"type":"homework","score":33},{"type":"quiz","score":79},{"type":"exam","score":46}]}
{"sid":10,"grades":[{"type":"quiz","score":46},{"type":"exam","score":81},{"type":"homework","score":39}], "note": "great"}
{"sid":11,"grades":[{"type":"homework","score":11},{"type":"exam","score":92},{"type":"quiz","score":5}]}
{"sid":12,"grades":[{"type":"homework","score":47},{"type":"quiz","score":79},{"type":"exam","score":51}]}
{"sid":13,"grades":[{"type":"homework","score":31},{"type":"quiz","score":66},{"type":"exam","score":70}]}
{"sid":14,"grades":[{"type":"homework","score":53},{"type":"quiz","score":9},{"type":"exam","score":84}]}
{"sid":15,"grades":[{"type":"homework","score":78},{"type":"exam","score":75},{"type":"quiz","score":31}]}
{"sid":16,"grades":[{"type":"homework","score":81},{"type":"exam","score":97},{"type":"quiz","score":80}], "note": "good answers"}
{"sid":17,"grades":[{"type":"homework","score":54},{"type":"exam","score":92},{"type":"quiz","score":48}]}
{"sid":18,"grades":[{"type":"homework","score":61},{"type":"exam","score":66},{"type":"quiz","score":80}]}
{"sid":19,"grades":[{"type":"quiz","score":44},{"type":"homework","score":81},{"type":"exam","score":66}]}
{"sid":20,"grades":[{"type":"homework","score":75},{"type":"quiz","score":100},{"type":"exam","score":70}]}
{"sid":21,"grades":[{"type":"quiz","score":55},{"type":"homework","score":77},{"type":"exam","score":80}]}
{"sid":22,"grades":[{"type":"homework","score":77},{"type":"exam","score":89},{"type":"quiz","score":68}]}
{"sid":23,"grades":[{"type":"homework","score":72},{"type":"quiz","score":63},{"type":"exam","score":98}]}
{"sid":24,"grades":[{"type":"homework","score":43},{"type":"exam","score":64},{"type":"quiz","score":54}]}
{"sid":25,"grades":[{"type":"quiz","score":33},{"type":"homework","score":15},{"type":"exam","score":74}]}
{"sid":26,"grades":[{"type":"exam","score":91},{"type":"quiz","score":56},{"type":"homework","score":17}]}
{"sid":27,"grades":[{"type":"homework","score":70},{"type":"quiz","score":41},{"type":"exam","score":79}]}
{"sid":28,"grades":[{"type":"homework","score":40},{"type":"quiz","score":98},{"type":"exam","score":84}]}
{"sid":29,"grades":[{"type":"quiz","score":79},{"type":"homework","score":50},{"type":"exam","score":73}]}
{"sid":30,"grades":[{"type":"homework","score":70},{"type":"quiz","score":49},{"type":"exam","score":53}]}
{"sid":31,"grades":[{"type":"quiz","score":41},{"type":"homework","score":95},{"type":"exam","score":66}]}
{"sid":32,"grades":[{"type":"homework","score":5},{"type":"quiz","score":73},{"type":"exam","score":51}]}
{"sid":33,"grades":[{"type":"quiz","score":82},{"type":"exam","score":100},{"type":"homework","score":0}]}
{"sid":34,"grades":[{"type":"homework","score":28},{"type":"quiz","score":54},{"type":"exam","score":78}]}
{"sid":35,"grades":[{"type":"homework","score":59},{"type":"quiz","score":27},{"type":"exam","score":67}]}
{"sid":36,"grades":[{"type":"quiz","score":60},{"type":"homework","score":65},{"type":"exam","score":64}], "note": "good questions"}
{"sid":37,"grades":[{"type":"exam","score":80},{"type":"homework","score":38},{"type":"quiz","score":87}]}
{"sid":38,"grades":[{"type":"homework","score":56},{"type":"quiz","score":47},{"type":"exam","score":45}]}
{"sid":39,"grades":[{"type":"homework","score":3},{"type":"quiz","score":100},{"type":"exam","score":75}]}
{"sid":40,"grades":[{"type":"homework","score":41},{"type":"quiz","score":78},{"type":"exam","score":32}]}
{"sid":41,"grades":[{"type":"homework","score":27},{"type":"quiz","score":68},{"type":"exam","score":86}]}
{"sid":42,"grades":[{"type":"homework","score":80},{"type":"quiz","score":67},{"type":"exam","score":45}]}
{"sid":43,"grades":[{"type":"quiz","score":50},{"type":"homework","score":57},{"type":"exam","score":73}]}
{"sid":44,"grades":[{"type":"exam","score":83},{"type":"quiz","score":78},{"type":"homework","score":86}]}
{"sid":45,"grades":[{"type":"quiz","score":78},{"type":"homework","score":43},{"type":"exam","score":67}]}
{"sid":46,"grades":[{"type":"quiz","score":72},{"type":"homework","score":75},{"type":"exam","score":61}]}
{"sid":47,"grades":[{"type":"homework","score":46},{"type":"quiz","score":93},{"type":"exam","score":76}]}
{"sid":48,"grades":[{"type":"homework","score":84},{"type":"quiz","score":82},{"type":"exam","score":42}]}
{"sid":49,"grades":[{"type":"homework","score":58},{"type":"quiz","score":72},{"type":"exam","score":91}]}
{"sid":50,"grades":[{"type":"quiz","score":50},{"type":"exam","score":95},{"type":"homework","score":48}]}
{"sid":51,"grades":[{"type":"quiz","score":94},{"type":"homework","score":16},{"type":"exam","score":34}]}
{"sid":52,"grades":[{"type":"homework","score":91},{"type":"quiz","score":49},{"type":"exam","score":91}]}
{"sid":53,"grades":[{"type":"homework","score":63},{"type":"quiz","score":92},{"type":"exam","score":60}]}
{"sid":54,"grades":[{"type":"quiz","score":96},{"type":"homework","score":75},{"type":"exam","score":99}]}
{"sid":55,"grades":[{"type":"homework","score":76},{"type":"quiz","score":97},{"type":"exam","score":60}]}
{"sid":56,"grades":[{"type":"exam","score":62},{"type":"quiz","score":98},{"type":"homework","score":59}]}
{"sid":57,"grades":[{"type":"homework","score":60},{"type":"quiz","score":74},{"type":"exam","score":97}]}
{"sid":58,"grades":[{"type":"homework","score":46},{"type":"exam","score":85},{"type":"quiz","score":76}]}
{"sid":59,"grades":[{"type":"homework","score":45},{"type":"quiz","score":88},{"type":"exam","score":73}]}
{"sid":60,"grades":[{"type":"homework","score":41},{"type":"exam","score":90},{"type":"quiz","score":33}]}
{"sid":61,"grades":[{"type":"exam","score":92},{"type":"homework","score":56},{"type":"quiz","score":57}]}
{"sid":62,"grades":[{"type":"quiz","score":92},{"type":"homework","score":63},{"type":"exam","score":67}]}
{"sid":63,"grades":[{"type":"homework","score":92},{"type":"quiz","score":74},{"type":"exam","score":85}]}
{"sid":64,"grades":[{"type":"homework","score":87},{"type":"quiz","score":9},{"type":"exam","score":88}]}
{"sid":65,"grades":[{"type":"homework","score":80},{"type":"quiz","score":26},{"type":"exam","score":90}]}
{"sid":66,"grades":[{"type":"homework","score":93},{"type":"quiz","score":35},{"type":"exam","score":39}]}
{"sid":67,"grades":[{"type":"exam","score":44},{"type":"quiz","score":43},{"type":"homework","score":96}], "note": "good job"}
{"sid":68,"grades":[{"type":"quiz","score":60},{"type":"homework","score":56},{"type":"exam","score":100}], "note": "nice"}
{"sid":69,"grades":[{"type":"quiz","score":96},{"type":"exam","score":35},{"type":"homework","score":7}]}
{"sid":70,"grades":[{"type":"homework","score":73},{"type":"quiz","score":99},{"type":"exam","score":20}]}
{"sid":71,"grades":[{"type":"homework","score":93},{"type":"quiz","score":14},{"type":"exam","score":95}]}
{"sid":72,"grades":[{"type":"homework","score":90},{"type":"exam","score":90},{"type":"quiz","score":73}]}
{"sid":73,"grades":[{"type":"exam","score":91},{"type":"quiz","score":38},{"type":"homework","score":24}]}
{"sid":74,"grades":[{"type":"exam","score":31},{"type":"quiz","score":75},{"type":"homework","score":13}]}
{"sid":75,"grades":[{"type":"homework","score":31},{"type":"quiz","score":63},{"type":"exam","score":10}]}
{"sid":76,"grades":[{"type":"homework","score":50},{"type":"quiz","score":74},{"type":"exam","score":79}]}
{"sid":77,"grades":[{"type":"homework","score":83},{"type":"quiz","score":76},{"type":"exam","score":16}]}
{"sid":78,"grades":[{"type":"homework","score":67},{"type":"quiz","score":52},{"type":"exam","score":47}]}
{"sid":79,"grades":[{"type":"quiz","score":60},{"type":"homework","score":38},{"type":"exam","score":90}]}
{"sid":80,"grades":[{"type":"homework","score":16},{"type":"exam","score":55},{"type":"quiz","score":51}]}
{"sid":81,"grades":[{"type":"homework","score":81},{"type":"exam","score":47},{"type":"quiz","score":70}]}
{"sid":82,"grades":[{"type":"homework","score":89},{"type":"quiz","score":22},{"type":"exam","score":43}]}
{"sid":83,"grades":[{"type":"exam","score":77},{"type":"quiz","score":89},{"type":"homework","score":35}]}
{"sid":84,"grades":[{"type":"homework","score":31},{"type":"quiz","score":86},{"type":"exam","score":86}]}
{"sid":85,"grades":[{"type":"homework","score":20},{"type":"quiz","score":79},{"type":"exam","score":87}]}
{"sid":86,"grades":[{"type":"homework","score":81},{"type":"exam","score":71},{"type":"quiz","score":25}]}
{"sid":87,"grades":[{"type":"homework","score":46},{"type":"quiz","score":24},{"type":"exam","score":74}]}
{"sid":88,"grades":[{"type":"exam","score":84},{"type":"homework","score":87},{"type":"quiz","score":44}]}
{"sid":89,"grades":[{"type":"quiz","score":61},{"type":"homework","score":49},{"type":"exam","score":90}]}
{"sid":90,"grades":[{"type":"homework","score":99},{"type":"quiz","score":89},{"type":"exam","score":27}]}
{"sid":91,"grades":[{"type":"homework","score":23},{"type":"quiz","score":74},{"type":"exam","score":92}]}
{"sid":92,"grades":[{"type":"homework","score":47},{"type":"quiz","score":75},{"type":"exam","score":91}]}
{"sid":93,"grades":[{"type":"homework","score":84},{"type":"quiz","score":96},{"type":"exam","score":82}]}
{"sid":94,"grades":[{"type":"homework","score":84},{"type":"quiz","score":58},{"type":"exam","score":75}]}
{"sid":95,"grades":[{"type":"homework","score":70},{"type":"exam","score":95},{"type":"quiz","score":66}]}
{"sid":96,"grades":[{"type":"homework","score":94},{"type":"quiz","score":49},{"type":"exam","score":21}]}
{"sid":97,"grades":[{"type":"homework","score":41},{"type":"quiz","score":78},{"type":"exam","score":80}]}
{"sid":98,"grades":[{"type":"homework","score":26},{"type":"quiz","score":41},{"type":"exam","score":83}]}
{"sid":99,"grades":[{"type":"homework","score":85},{"type":"quiz","score":78},{"type":"exam","score":92}]}
